{"actions":[],"apps":[{"acl":{"app":[],"field":[],"record":[]},"app":null,"category":{"categories":[],"useCategory":"false"},"form":{"layout":"[{\"id\":null,\"type\":\"ROW\",\"isSubTable\":false,\"var\":null,\"controlList\":[{\"isVirtical\":true,\"styleMap\":{\"width\":440},\"type\":\"SINGLE_LINE_TEXT\",\"var\":\"イベント名\",\"label\":\"イベント名\"},{\"isVirtical\":true,\"styleMap\":{\"width\":196},\"type\":\"DATETIME\",\"var\":\"イベント日時\",\"label\":\"イベント日時\"}]},{\"id\":null,\"type\":\"ROW\",\"isSubTable\":false,\"var\":null,\"controlList\":[{\"isVirtical\":true,\"styleMap\":{\"width\":185},\"type\":\"SINGLE_CHECK\",\"var\":\"シャッフル\",\"label\":\"シャッフル\",\"align\":\"horizontal\"}]},{\"id\":\"5521066\",\"type\":\"SUBTABLE\",\"isSubTable\":true,\"var\":\"member\",\"controlList\":[{\"isVirtical\":true,\"styleMap\":{\"width\":193},\"type\":\"SINGLE_LINE_TEXT\",\"var\":\"席名\",\"label\":\"席名\"},{\"isVirtical\":true,\"styleMap\":{\"width\":349},\"type\":\"SINGLE_LINE_TEXT\",\"var\":\"名前\",\"label\":\"名前\"}]}]","revision":null},"iconMeta":null,"info":{"automaticallyChooseTitleComponent":"true","code":null,"decimalPrecision":"16","decimalScale":"4","description":"\u003Cdiv\u003E「シャッフル」フィールドが\u003Cb\u003E『ON』\u003C/b\u003Eの場合に、保存を実行するとシャッフルを行います。\u003Cbr /\u003E\u003C/div\u003E\u003Cdiv\u003E\u003Cbr /\u003E\u003C/div\u003E","enableBulkDeletion":"false","fiscalYearStartMonth":"4","iconKey":"APP63","iconType":"PRESET","jsFiles":null,"jsScope":"ALL","name":"座席シャッフル","roundingMode":"HALF_EVEN","theme":"PLAIN","titleComponentLocalId":null,"useComment":"true","useHistory":"true","useThumbnail":"true"},"jsFiles":[{"jsFileMetas":[{"internalName":null,"locationType":"BLOB","mime":"text/javascript","name":"seat_shuffle_c.js","url":null},{"internalName":null,"locationType":"BLOB","mime":"text/javascript","name":"seat_shuffle_m.js","url":null}],"jsType":"MOBILE"},{"jsFileMetas":[{"internalName":null,"locationType":"BLOB","mime":"text/javascript","name":"seat_shuffle_c.js","url":null},{"internalName":null,"locationType":"BLOB","mime":"text/javascript","name":"seat_shuffle_p.js","url":null}],"jsType":"DESKTOP"}],"notification":{"appNotifications":[{"events":["RECORD_COMMENT_ADDED"],"target":{"entityId":"5521057","entityType":"FIELD_ENTITY","includeSubs":"false"}},{"events":["RECORD_COMMENT_ADDED"],"target":{"entityId":"5521058","entityType":"FIELD_ENTITY","includeSubs":"false"}}],"recordNotifications":[],"reminderTimezone":null,"reminders":[],"useComment":"true","useReminder":"false"},"plugin":{"pluginIds":[]},"reports":[],"resource":{"tables":[{"rows":[{"fields":[],"objectId":"0","subObjectId":"-1"}],"type":"AppName"},{"rows":[{"fields":[],"objectId":"0","subObjectId":"-1"}],"type":"AppDescription"},{"rows":[{"fields":[],"objectId":"5521056","subObjectId":"-1"},{"fields":[],"objectId":"5521057","subObjectId":"-1"},{"fields":[],"objectId":"5521058","subObjectId":"-1"},{"fields":[],"objectId":"5521059","subObjectId":"-1"},{"fields":[],"objectId":"5521060","subObjectId":"-1"},{"fields":[],"objectId":"5521061","subObjectId":"-1"},{"fields":[],"objectId":"5521062","subObjectId":"-1"},{"fields":[],"objectId":"5521063","subObjectId":"-1"},{"fields":[],"objectId":"5521066","subObjectId":"-1"},{"fields":[],"objectId":"5521068","subObjectId":"-1"},{"fields":[],"objectId":"5521071","subObjectId":"-1"},{"fields":[],"objectId":"5521072","subObjectId":"-1"},{"fields":[],"objectId":"5521073","subObjectId":"-1"},{"fields":[],"objectId":"5521073","subObjectId":"5521070"},{"fields":[],"objectId":"5521073","subObjectId":"5521069"},{"fields":[],"objectId":"5521076","subObjectId":"-1"}],"type":"FieldLabel"},{"rows":[{"fields":[],"objectId":"5521075","subObjectId":"-1"},{"fields":[],"objectId":"20","subObjectId":"-1"}],"type":"ViewName"}]},"schema":{"groups":[],"revision":null,"subTable":{"5521066":{"fieldList":{"5521068":{"id":"5521068","label":"名前","properties":{"defaultValue":"","expression":"","hideExpression":"false","max":null,"min":null,"noLabel":"false","required":"false","unique":"false"},"type":"SINGLE_LINE_TEXT","var":"名前"},"5521071":{"id":"5521071","label":"席名","properties":{"defaultValue":"","expression":"","hideExpression":"false","max":null,"min":null,"noLabel":"false","required":"false","unique":"false"},"type":"SINGLE_LINE_TEXT","var":"席名"}},"id":"5521066","label":"member","var":"member"}},"table":{"fieldList":{"5521056":{"id":"5521056","label":"レコード番号","properties":{"noLabel":"false","required":"true"},"type":"RECORD_ID","var":"レコード番号"},"5521057":{"id":"5521057","label":"更新者","properties":{"noLabel":"false","required":"true"},"type":"MODIFIER","var":"更新者"},"5521058":{"id":"5521058","label":"作成者","properties":{"noLabel":"false","required":"true"},"type":"CREATOR","var":"作成者"},"5521059":{"id":"5521059","label":"更新日時","properties":{"noLabel":"false","required":"true"},"type":"MODIFIED_AT","var":"更新日時"},"5521060":{"id":"5521060","label":"作成日時","properties":{"noLabel":"false","required":"true"},"type":"CREATED_AT","var":"作成日時"},"5521061":{"id":"5521061","label":"ステータス","properties":{"noLabel":"false","required":"false"},"type":"STATUS","var":"ステータス"},"5521062":{"id":"5521062","label":"作業者","properties":{"noLabel":"false","required":"false"},"type":"STATUS_ASSIGNEE","var":"作業者"},"5521063":{"id":"5521063","label":"カテゴリー","properties":{"noLabel":"false","required":"false"},"type":"CATEGORY","var":"カテゴリー"},"5521072":{"id":"5521072","label":"イベント名","properties":{"defaultValue":"","expression":"","hideExpression":"false","max":null,"min":null,"noLabel":"false","required":"true","unique":"false"},"type":"SINGLE_LINE_TEXT","var":"イベント名"},"5521073":{"id":"5521073","label":"シャッフル","properties":{"defaultValue":"5521070","noLabel":"false","options":[{"id":"5521070","label":"OFF","valid":true},{"id":"5521069","label":"ON","valid":true}],"required":"true"},"type":"SINGLE_CHECK","var":"シャッフル"},"5521076":{"id":"5521076","label":"イベント日時","properties":{"defaultExpression":null,"defaultValue":null,"noLabel":"false","required":"false","unique":"false"},"type":"DATETIME","var":"イベント日時"}},"id":"1","label":"__ROOT__","var":"__ROOT__"}},"status":{"actions":[],"filters":[],"initialStateId":null,"states":[],"useStatus":"false"},"uuid":"ef622219-b366-4bcd-9c60-79bc3a209fc0","views":[{"advancedMode":"false","builtinType":null,"device":null,"fields":[{"row":[{"id":"5521072"},{"id":"5521076"},{"id":"5521066"}]}],"filter":{"category":null,"offset":null,"order":["DESC"],"q":null,"size":null,"sort":["f5521060"]},"html":null,"keyFieldId":null,"name":"イベント一覧","pager":null,"revision":null,"titleFieldId":null,"view":"5521075","viewType":"LIST"},{"advancedMode":null,"builtinType":"ALL","device":null,"fields":[{"row":[{"id":"5521056"},{"id":"5521072"},{"id":"5521073"},{"id":"5521076"}]}],"filter":{"category":null,"offset":null,"order":[],"q":null,"size":null,"sort":[]},"html":null,"keyFieldId":null,"name":"（すべて）","pager":null,"revision":null,"titleFieldId":null,"view":"20","viewType":"LIST"}]}],"description":"","iconKey":"APP63","iconMeta":null,"iconSrcAppId":"ef622219-b366-4bcd-9c60-79bc3a209fc0","iconType":"PRESET","imagesMeta":[],"lookups":[],"name":"座席シャッフル","references":[],"version":"26"}